month,town,flat_type,floor_area_sqm,remaining_lease,resale_price,latitude,longitude,storey_type_lower,storey_type_middle,storey_type_upper,rpi_x,adjusted_resale,rpi_y,rpi,mrt_count,school_count,mall_count,bus_stop_count,hawker_count,wet_market_count,nearest_mrt_dist,nearest_bus_stop_dist
0,ANG MO KIO,2 ROOM,44,736,232000,1.36200453938712,103.853879910407,False,False,True,133.9,173263.6295743092,133.9,133.9,0,3,0,14,1,1,1016,91
0,ANG MO KIO,3 ROOM,67,727,250000,1.37096635222625,103.838201940326,True,False,False,133.9,186706.49738610905,133.9,133.9,1,2,0,11,1,1,202,164
0,ANG MO KIO,3 ROOM,67,749,262000,1.38070883044887,103.835368226602,True,False,False,133.9,195668.40926064228,133.9,133.9,1,0,0,12,0,0,460,136
0,ANG MO KIO,3 ROOM,68,745,265000,1.3662010408294,103.857200967235,False,True,False,133.9,197908.88722927557,133.9,133.9,0,1,0,10,2,2,828,68
0,ANG MO KIO,3 ROOM,67,749,265000,1.38104134784496,103.835131744823,True,False,False,133.9,197908.88722927557,133.9,133.9,1,0,0,11,0,0,433,146
0,ANG MO KIO,3 ROOM,68,756,275000,1.37680678506745,103.842017962576,True,False,False,133.9,205377.14712471995,133.9,133.9,0,2,0,18,0,0,640,105
0,ANG MO KIO,3 ROOM,68,738,280000,1.36747901420817,103.855967139125,False,True,False,133.9,209111.2770724421,133.9,133.9,0,2,0,11,1,1,773,142
0,ANG MO KIO,3 ROOM,67,700,285000,1.36511908595886,103.841742478489,False,True,False,133.9,212845.4070201643,133.9,133.9,1,2,0,13,1,1,212,135
0,ANG MO KIO,3 ROOM,68,738,285000,1.36747901420817,103.855967139125,False,True,False,133.9,212845.4070201643,133.9,133.9,0,2,0,11,1,1,773,142
0,ANG MO KIO,3 ROOM,67,736,285000,1.37005501296043,103.85488055876,True,False,False,133.9,212845.4070201643,133.9,133.9,0,2,0,18,2,2,596,110
0,ANG MO KIO,3 ROOM,68,745,288500,1.37405846295585,103.854168170426,True,False,False,133.9,215459.29798356982,133.9,133.9,0,3,0,17,1,1,679,89
0,ANG MO KIO,3 ROOM,67,716,295000,1.36754924977907,103.836740628478,False,False,True,133.9,220313.66691560866,133.9,133.9,0,2,0,15,1,1,518,129
0,ANG MO KIO,3 ROOM,67,716,295000,1.36682360872342,103.83649123351,False,True,False,133.9,220313.66691560866,133.9,133.9,1,3,0,16,1,1,456,168
0,ANG MO KIO,3 ROOM,67,714,297000,1.36598198004505,103.840654039612,False,False,True,133.9,221807.31889469753,133.9,133.9,1,3,0,14,1,1,325,116
0,ANG MO KIO,3 ROOM,68,745,298000,1.37447378519738,103.854100515826,False,False,True,133.9,222554.14488424198,133.9,133.9,0,3,0,17,1,1,704,92
0,ANG MO KIO,3 ROOM,67,720,298000,1.36885445228086,103.837896397823,False,True,False,133.9,222554.14488424198,133.9,133.9,1,2,0,13,1,1,390,124
0,ANG MO KIO,3 ROOM,67,736,300000,1.3697435855576,103.856023138277,False,False,True,133.9,224047.79686333085,133.9,133.9,0,1,0,14,2,2,724,24
0,ANG MO KIO,3 ROOM,68,752,301000,1.38156171229824,103.84000226873,False,True,False,133.9,224794.6228528753,133.9,133.9,0,3,0,15,0,0,536,79
0,ANG MO KIO,3 ROOM,67,732,306000,1.36605027829032,103.854168309853,False,False,True,133.9,228528.75280059746,133.9,133.9,0,2,0,14,2,2,683,219
0,ANG MO KIO,3 ROOM,68,752,312000,1.38219867741921,103.841211533475,False,True,False,133.9,233009.70873786407,133.9,133.9,1,3,0,17,0,0,417,119
0,ANG MO KIO,3 ROOM,67,730,312000,1.36956344301912,103.844698910817,False,False,True,133.9,233009.70873786407,133.9,133.9,1,2,4,14,0,0,446,94
0,ANG MO KIO,3 ROOM,73,714,321000,1.37065487078854,103.834630215787,False,True,False,133.9,239731.142643764,133.9,133.9,1,2,0,14,0,0,306,32
0,ANG MO KIO,3 ROOM,67,732,325000,1.36830996981351,103.853600305664,False,False,True,133.9,242718.44660194175,133.9,133.9,1,3,0,14,2,2,494,157
0,ANG MO KIO,3 ROOM,67,711,325000,1.369196965617,103.841666636086,True,False,False,133.9,242718.44660194175,133.9,133.9,1,2,0,9,1,1,440,59
0,ANG MO KIO,3 ROOM,67,737,328000,1.37071307985916,103.853497803014,False,True,False,133.9,244958.92457057507,133.9,133.9,1,2,0,17,2,2,448,81
0,ANG MO KIO,3 ROOM,74,724,330000,1.37329593649654,103.835475719134,False,False,True,133.9,246452.57654966394,133.9,133.9,1,1,0,12,0,0,197,221
0,ANG MO KIO,3 ROOM,68,756,330000,1.3613425564061,103.851698621454,False,False,True,133.9,246452.57654966394,133.9,133.9,0,3,0,13,1,1,996,76
0,ANG MO KIO,3 ROOM,73,714,335000,1.37061517595951,103.83596769452,False,False,True,133.9,250186.70649738613,133.9,133.9,1,3,0,15,0,0,206,67
0,ANG MO KIO,3 ROOM,68,756,338000,1.36243186402478,103.851030689651,False,False,True,133.9,252427.18446601942,133.9,133.9,0,3,0,10,1,1,862,78
0,ANG MO KIO,3 ROOM,82,744,366000,1.3716257020332,103.857736107527,False,False,True,133.9,273338.31217326364,133.9,133.9,0,1,0,14,3,3,674,116
0,ANG MO KIO,3 ROOM,73,723,373000,1.36708983179046,103.845660199054,False,False,True,133.9,278566.09410007467,133.9,133.9,1,1,1,12,0,0,280,203
0,ANG MO KIO,3 ROOM,82,744,375000,1.37138855070768,103.855953346739,False,False,True,133.9,280059.74607916357,133.9,133.9,0,2,0,16,2,2,730,85
0,ANG MO KIO,3 ROOM,81,749,390000,1.37400086510074,103.850139806283,True,False,False,133.9,291262.1359223301,133.9,133.9,1,3,1,13,0,0,439,72
0,ANG MO KIO,4 ROOM,92,738,400000,1.36314392666998,103.858118593427,False,False,True,133.9,298730.39581777446,133.9,133.9,0,1,0,7,1,1,976,208
0,ANG MO KIO,4 ROOM,91,738,400000,1.36266297827625,103.85651592319,False,False,True,133.9,298730.39581777446,133.9,133.9,0,3,0,13,1,1,1131,68
0,ANG MO KIO,4 ROOM,94,765,403000,1.380104749906,103.840408652998,True,False,False,133.9,300970.87378640776,133.9,133.9,0,2,0,18,0,0,537,132
0,ANG MO KIO,4 ROOM,92,756,410000,1.37365123866689,103.857022220393,True,False,False,133.9,306198.65571321885,133.9,133.9,0,2,0,12,1,1,833,45
0,ANG MO KIO,4 ROOM,98,733,425888,1.37101536386003,103.841800323712,True,False,False,133.9,318064.2270351008,133.9,133.9,0,2,2,8,1,1,562,151
0,ANG MO KIO,4 ROOM,97,714,430000,1.37020344042146,103.834687722549,False,True,False,133.9,321135.17550410755,133.9,133.9,1,2,0,13,0,0,333,77
0,ANG MO KIO,4 ROOM,92,742,435000,1.36408620030202,103.856692408941,False,True,False,133.9,324869.30545182974,133.9,133.9,0,1,0,9,2,2,1011,158
0,ANG MO KIO,4 ROOM,91,749,435000,1.38104134784496,103.835131744823,False,True,False,133.9,324869.30545182974,133.9,133.9,1,0,0,11,0,0,433,146
0,ANG MO KIO,4 ROOM,92,745,440000,1.36694793518613,103.857487648675,False,True,False,133.9,328603.43539955193,133.9,133.9,0,1,0,10,1,1,760,116
0,ANG MO KIO,4 ROOM,97,702,460000,1.36582089504381,103.842847772078,False,True,False,133.9,343539.95519044064,133.9,133.9,1,2,0,10,1,1,80,66
0,ANG MO KIO,4 ROOM,97,712,518000,1.36628642816469,103.8449947612,False,False,True,133.9,386855.8625840179,133.9,133.9,1,1,0,12,0,0,172,100
0,ANG MO KIO,4 ROOM,99,755,518000,1.37939517687868,103.843763599411,False,False,True,133.9,386855.8625840179,133.9,133.9,1,3,0,20,0,0,295,110
0,ANG MO KIO,4 ROOM,98,728,560000,1.36661793708764,103.84786688518,False,False,True,133.9,418222.5541448842,133.9,133.9,2,2,1,14,0,0,425,241
0,ANG MO KIO,4 ROOM,90,1124,688000,1.37183157010083,103.853670978083,False,False,True,133.9,513816.28080657206,133.9,133.9,0,2,0,20,1,1,501,84
0,ANG MO KIO,4 ROOM,91,1123,730000,1.37175400663025,103.8538833087,False,False,True,133.9,545182.9723674384,133.9,133.9,0,2,0,21,2,2,519,77
0,ANG MO KIO,4 ROOM,91,1123,756000,1.37175400663025,103.8538833087,False,False,True,133.9,564600.4480955937,133.9,133.9,0,2,0,21,2,2,519,77
0,ANG MO KIO,5 ROOM,117,721,500000,1.37026158388486,103.839467898898,True,False,False,133.9,373412.9947722181,133.9,133.9,1,3,0,10,1,1,360,38
0,ANG MO KIO,5 ROOM,119,732,668000,1.36899287777802,103.85276134968,False,False,True,133.9,498879.76101568335,133.9,133.9,1,3,1,14,2,2,380,135
0,ANG MO KIO,5 ROOM,118,752,668000,1.3734054063175,103.851134219635,False,False,True,133.9,498879.76101568335,133.9,133.9,1,3,1,19,1,1,409,76
0,ANG MO KIO,5 ROOM,119,749,725000,1.37147783065153,103.845868750998,False,False,True,133.9,541448.8424197162,133.9,133.9,1,1,4,14,0,0,435,85
0,ANG MO KIO,5 ROOM,112,1123,770000,1.37207688864036,103.852786139342,False,False,True,133.9,575056.0119492159,133.9,133.9,1,2,0,19,1,1,425,95
0,ANG MO KIO,5 ROOM,121,1136,832000,1.36481255187585,103.843844243986,False,False,True,133.9,621359.2233009709,133.9,133.9,1,2,0,10,0,0,103,107
0,ANG MO KIO,EXECUTIVE,147,940,888000,1.37845661566039,103.839292714848,False,False,True,133.9,663181.4787154594,133.9,133.9,0,2,0,17,0,0,728,74
0,BEDOK,2 ROOM,45,726,238000,1.334484667124,103.937924710969,False,True,False,133.9,177744.5855115758,133.9,133.9,0,4,0,10,0,0,651,156
0,BEDOK,3 ROOM,68,750,272000,1.33131021834565,103.92685391703,False,True,False,133.9,203136.66915608663,133.9,133.9,0,0,0,20,2,2,856,110
0,BEDOK,3 ROOM,59,720,278000,1.32791477933184,103.942144427101,False,False,True,133.9,207617.62509335324,133.9,133.9,1,2,0,10,0,0,490,226
0,BEDOK,3 ROOM,68,749,280000,1.3326931795279,103.926617402908,True,False,False,133.9,209111.2770724421,133.9,133.9,0,0,0,16,2,2,781,33
0,BEDOK,3 ROOM,59,696,280000,1.32085208689731,103.933721091441,True,False,False,133.9,209111.2770724421,133.9,133.9,0,0,0,10,0,0,520,171
0,BEDOK,3 ROOM,63,848,281000,1.33557619454702,103.911545779692,False,True,False,133.9,209858.10306198656,133.9,133.9,1,0,0,18,0,0,358,80
0,BEDOK,3 ROOM,68,760,285000,1.32947840879761,103.921105111921,False,True,False,133.9,212845.4070201643,133.9,133.9,0,0,0,10,0,0,646,181
0,BEDOK,3 ROOM,68,762,285000,1.32930431416537,103.922415807329,False,True,False,133.9,212845.4070201643,133.9,133.9,0,0,0,13,1,1,742,80
0,BEDOK,3 ROOM,70,811,287000,1.32914437941094,103.909112780576,False,False,True,133.9,214339.05899925317,133.9,133.9,0,1,0,10,0,0,660,275
0,BEDOK,3 ROOM,68,739,290000,1.33490287587397,103.927838167286,False,False,True,133.9,216579.5369678865,133.9,133.9,0,1,0,14,2,2,548,184
0,BEDOK,3 ROOM,60,818,290000,1.33303698213001,103.924812248346,False,False,True,133.9,216579.5369678865,133.9,133.9,0,1,0,12,1,1,744,59
0,BEDOK,3 ROOM,68,750,293000,1.3326931795279,103.926617402908,False,True,False,133.9,218820.0149365198,133.9,133.9,0,0,0,16,2,2,781,33
0,BEDOK,3 ROOM,60,819,300000,1.32869611162886,103.941995599533,False,False,True,133.9,224047.79686333085,133.9,133.9,0,2,0,9,0,0,527,217
0,BEDOK,3 ROOM,67,818,300000,1.33103784588692,103.908641634756,False,False,True,133.9,224047.79686333085,133.9,133.9,1,1,0,11,0,0,447,135
0,BEDOK,3 ROOM,65,696,300000,1.32062504871279,103.934734222428,False,False,True,133.9,224047.79686333085,133.9,133.9,0,0,0,12,0,0,624,117
0,BEDOK,3 ROOM,65,672,300000,1.32604335303082,103.926488452026,False,False,True,133.9,224047.79686333085,133.9,133.9,1,0,2,20,1,1,474,191
0,BEDOK,3 ROOM,60,813,300000,1.32424554153984,103.941568704132,False,False,True,133.9,224047.79686333085,133.9,133.9,0,2,0,12,0,0,636,157
0,BEDOK,3 ROOM,60,813,301888,1.32424554153984,103.941568704132,False,False,True,133.9,225457.80433159074,133.9,133.9,0,2,0,12,0,0,636,157
0,BEDOK,3 ROOM,67,716,305000,1.33368859457924,103.936473903592,False,True,False,133.9,227781.92681105304,133.9,133.9,0,3,0,10,0,0,550,254
0,BEDOK,3 ROOM,68,762,310000,1.33541606639526,103.922350069667,False,False,True,133.9,231516.0567587752,133.9,133.9,1,2,0,10,1,1,458,214
0,BEDOK,3 ROOM,67,809,310000,1.32797877350561,103.925804792632,True,False,False,133.9,231516.0567587752,133.9,133.9,0,0,1,15,1,1,662,81
0,BEDOK,3 ROOM,68,763,310000,1.33541606639526,103.922350069667,False,False,True,133.9,231516.0567587752,133.9,133.9,1,2,0,10,1,1,458,214
0,BEDOK,3 ROOM,75,795,310000,1.32684846948333,103.919015573079,False,True,False,133.9,231516.0567587752,133.9,133.9,0,1,0,9,0,0,861,48
0,BEDOK,3 ROOM,70,721,312000,1.32791477933184,103.942144427101,False,False,True,133.9,233009.70873786407,133.9,133.9,1,2,0,10,0,0,490,226
0,BEDOK,3 ROOM,65,696,312000,1.32130118793544,103.933299574181,False,False,True,133.9,233009.70873786407,133.9,133.9,1,0,0,9,1,1,452,107
0,BEDOK,3 ROOM,66,784,312000,1.32544200357037,103.926207634232,False,True,False,133.9,233009.70873786407,133.9,133.9,1,0,2,15,1,1,475,231
0,BEDOK,3 ROOM,68,762,313000,1.33541606639526,103.922350069667,False,False,True,133.9,233756.53472740852,133.9,133.9,1,2,0,10,1,1,458,214
0,BEDOK,3 ROOM,67,732,332000,1.32936960154503,103.929067536324,False,False,True,133.9,247946.2285287528,133.9,133.9,0,1,1,21,1,1,611,124
0,BEDOK,3 ROOM,73,724,336000,1.33065454769523,103.938496275607,False,True,False,133.9,250933.53248693055,133.9,133.9,0,1,0,13,0,0,940,92
0,BEDOK,3 ROOM,82,732,358000,1.32797614118511,103.927565110763,False,False,True,133.9,267363.70425690815,133.9,133.9,0,0,2,19,1,1,533,81
0,BEDOK,3 ROOM,82,809,360000,1.32797877350561,103.925804792632,True,False,False,133.9,268857.356235997,133.9,133.9,0,0,1,15,1,1,662,81
0,BEDOK,3 ROOM,82,744,365000,1.33358016248275,103.92421866691,False,True,False,133.9,272591.4861837192,133.9,133.9,0,2,0,10,1,1,667,98
0,BEDOK,4 ROOM,84,833,350000,1.33576929801793,103.912779600202,False,True,False,133.9,261389.09634055267,133.9,133.9,1,0,0,16,0,0,497,80
0,BEDOK,4 ROOM,90,719,350000,1.32233220742919,103.939766219283,False,False,True,133.9,261389.09634055267,133.9,133.9,0,1,0,13,0,0,920,190
0,BEDOK,4 ROOM,84,716,350000,1.32147847826862,103.940721046918,False,True,False,133.9,261389.09634055267,133.9,133.9,0,2,0,13,0,0,899,106
0,BEDOK,4 ROOM,90,716,358000,1.32205652925918,103.93835472666,False,False,True,133.9,267363.70425690815,133.9,133.9,0,1,0,11,0,0,930,166
0,BEDOK,4 ROOM,82,696,358000,1.32281544267372,103.93545524391,False,True,False,133.9,267363.70425690815,133.9,133.9,0,1,0,10,0,0,597,189
0,BEDOK,4 ROOM,82,696,375000,1.32284176978435,103.936046815062,False,False,True,133.9,280059.74607916357,133.9,133.9,0,1,0,12,0,0,661,227
0,BEDOK,4 ROOM,91,725,380000,1.32848132017235,103.940611608837,True,False,False,133.9,283793.87602688576,133.9,133.9,0,1,0,10,0,0,670,64
0,BEDOK,4 ROOM,91,727,382000,1.32726007220341,103.940848770214,False,True,False,133.9,285287.5280059746,133.9,133.9,0,3,0,8,0,0,627,87
0,BEDOK,4 ROOM,84,830,384000,1.33314106418951,103.912523538101,False,False,True,133.9,286781.1799850635,133.9,133.9,0,1,0,12,0,0,509,123
0,BEDOK,4 ROOM,84,831,385000,1.33534088461813,103.91190498709,False,False,True,133.9,287528.00597460795,133.9,133.9,1,1,0,18,0,0,394,79
0,BEDOK,4 ROOM,91,725,390000,1.32891558225172,103.940528728774,True,False,False,133.9,291262.1359223301,133.9,133.9,0,1,0,10,0,0,690,65
0,BEDOK,4 ROOM,84,826,392000,1.33563649761465,103.913269358016,False,False,True,133.9,292755.787901419,133.9,133.9,0,0,0,15,0,0,549,97
0,BEDOK,4 ROOM,84,826,395000,1.33563649761465,103.913269358016,False,False,True,133.9,294996.2658700523,133.9,133.9,0,0,0,15,0,0,549,97
0,BEDOK,4 ROOM,92,724,395000,1.32925881944574,103.939046430321,False,False,True,133.9,294996.2658700523,133.9,133.9,0,1,0,12,0,0,859,67
0,BEDOK,4 ROOM,91,754,410000,1.33663681806047,103.918995255673,True,False,False,133.9,306198.65571321885,133.9,133.9,1,2,0,9,1,1,238,85
0,BEDOK,4 ROOM,93,749,412000,1.33262715051315,103.928172121608,False,True,False,133.9,307692.3076923077,133.9,133.9,0,0,0,16,2,2,649,139
0,BEDOK,4 ROOM,98,772,420000,1.32934898685946,103.911583237057,False,False,True,133.9,313666.91560866317,133.9,133.9,0,2,0,8,0,0,727,199
0,BEDOK,4 ROOM,91,725,425000,1.32891558225172,103.940528728774,False,False,True,133.9,317401.04555638536,133.9,133.9,0,1,0,10,0,0,690,65
0,BEDOK,4 ROOM,92,730,430000,1.33340012199511,103.932519441614,False,False,True,133.9,321135.17550410755,133.9,133.9,1,4,0,16,1,1,354,106
0,BEDOK,4 ROOM,104,793,430000,1.33597277354753,103.924883020541,False,True,False,133.9,321135.17550410755,133.9,133.9,0,2,0,9,2,2,747,247
