month,town,flat_type,block,street_name,storey_range,floor_area_sqm,flat_model,lease_commence_date,remaining_lease,resale_price,address,latitude,longitude
2017-01,ANG MO KIO,2 ROOM,406,ANG MO KIO AVE 10,10 TO 12,44,Improved,1979,61 years 04 months,232000,406 ANG MO KIO AVE 10,1.36200453938712,103.853879910407
2017-01,ANG MO KIO,3 ROOM,108,ANG MO KIO AVE 4,01 TO 03,67,New Generation,1978,60 years 07 months,250000,108 ANG MO KIO AVE 4,1.37096635222625,103.838201940326
2017-01,ANG MO KIO,3 ROOM,602,ANG MO KIO AVE 5,01 TO 03,67,New Generation,1980,62 years 05 months,262000,602 ANG MO KIO AVE 5,1.38070883044887,103.835368226602
2017-01,ANG MO KIO,3 ROOM,465,ANG MO KIO AVE 10,04 TO 06,68,New Generation,1980,62 years 01 month,265000,465 ANG MO KIO AVE 10,1.3662010408294,103.857200967235
2017-01,ANG MO KIO,3 ROOM,601,ANG MO KIO AVE 5,01 TO 03,67,New Generation,1980,62 years 05 months,265000,601 ANG MO KIO AVE 5,1.38104134784496,103.835131744823
2017-01,ANG MO KIO,3 ROOM,150,ANG MO KIO AVE 5,01 TO 03,68,New Generation,1981,63 years,275000,150 ANG MO KIO AVE 5,1.37680678506745,103.842017962576
2017-01,ANG MO KIO,3 ROOM,447,ANG MO KIO AVE 10,04 TO 06,68,New Generation,1979,61 years 06 months,280000,447 ANG MO KIO AVE 10,1.36747901420817,103.855967139125
2017-01,ANG MO KIO,3 ROOM,218,ANG MO KIO AVE 1,04 TO 06,67,New Generation,1976,58 years 04 months,285000,218 ANG MO KIO AVE 1,1.36511908595886,103.841742478489
2017-01,ANG MO KIO,3 ROOM,447,ANG MO KIO AVE 10,04 TO 06,68,New Generation,1979,61 years 06 months,285000,447 ANG MO KIO AVE 10,1.36747901420817,103.855967139125
2017-01,ANG MO KIO,3 ROOM,571,ANG MO KIO AVE 3,01 TO 03,67,New Generation,1979,61 years 04 months,285000,571 ANG MO KIO AVE 3,1.37005501296043,103.85488055876
2017-01,ANG MO KIO,3 ROOM,534,ANG MO KIO AVE 10,01 TO 03,68,New Generation,1980,62 years 01 month,288500,534 ANG MO KIO AVE 10,1.37405846295585,103.854168170426
2017-01,ANG MO KIO,3 ROOM,233,ANG MO KIO AVE 3,10 TO 12,67,New Generation,1977,59 years 08 months,295000,233 ANG MO KIO AVE 3,1.36754924977907,103.836740628478
2017-01,ANG MO KIO,3 ROOM,235,ANG MO KIO AVE 3,04 TO 06,67,New Generation,1977,59 years 08 months,295000,235 ANG MO KIO AVE 3,1.36682360872342,103.83649123351
2017-01,ANG MO KIO,3 ROOM,219,ANG MO KIO AVE 1,07 TO 09,67,New Generation,1977,59 years 06 months,297000,219 ANG MO KIO AVE 1,1.36598198004505,103.840654039612
2017-01,ANG MO KIO,3 ROOM,536,ANG MO KIO AVE 10,07 TO 09,68,New Generation,1980,62 years 01 month,298000,536 ANG MO KIO AVE 10,1.37447378519738,103.854100515826
2017-01,ANG MO KIO,3 ROOM,230,ANG MO KIO AVE 3,04 TO 06,67,New Generation,1978,60 years,298000,230 ANG MO KIO AVE 3,1.36885445228086,103.837896397823
2017-01,ANG MO KIO,3 ROOM,570,ANG MO KIO AVE 3,10 TO 12,67,New Generation,1979,61 years 04 months,300000,570 ANG MO KIO AVE 3,1.3697435855576,103.856023138277
2017-01,ANG MO KIO,3 ROOM,624,ANG MO KIO AVE 4,04 TO 06,68,New Generation,1980,62 years 08 months,301000,624 ANG MO KIO AVE 4,1.38156171229824,103.84000226873
2017-01,ANG MO KIO,3 ROOM,441,ANG MO KIO AVE 10,07 TO 09,67,New Generation,1979,61 years,306000,441 ANG MO KIO AVE 10,1.36605027829032,103.854168309853
2017-01,ANG MO KIO,3 ROOM,625,ANG MO KIO AVE 9,04 TO 06,68,New Generation,1980,62 years 08 months,312000,625 ANG MO KIO AVE 9,1.38219867741921,103.841211533475
2017-01,ANG MO KIO,3 ROOM,119,ANG MO KIO AVE 3,07 TO 09,67,New Generation,1978,60 years 10 months,312000,119 ANG MO KIO AVE 3,1.36956344301912,103.844698910817
2017-01,ANG MO KIO,3 ROOM,255,ANG MO KIO AVE 4,04 TO 06,73,New Generation,1977,59 years 06 months,321000,255 ANG MO KIO AVE 4,1.37065487078854,103.834630215787
2017-01,ANG MO KIO,3 ROOM,432,ANG MO KIO AVE 10,10 TO 12,67,New Generation,1979,61 years,325000,432 ANG MO KIO AVE 10,1.36830996981351,103.853600305664
2017-01,ANG MO KIO,3 ROOM,211,ANG MO KIO AVE 3,01 TO 03,67,New Generation,1977,59 years 03 months,325000,211 ANG MO KIO AVE 3,1.369196965617,103.841666636086
2017-01,ANG MO KIO,3 ROOM,584,ANG MO KIO AVE 3,04 TO 06,67,New Generation,1979,61 years 05 months,328000,584 ANG MO KIO AVE 3,1.37071307985916,103.853497803014
2017-01,ANG MO KIO,3 ROOM,118,ANG MO KIO AVE 4,07 TO 09,74,New Generation,1978,60 years 04 months,330000,118 ANG MO KIO AVE 4,1.37329593649654,103.835475719134
2017-01,ANG MO KIO,3 ROOM,333,ANG MO KIO AVE 1,07 TO 09,68,New Generation,1981,63 years,330000,333 ANG MO KIO AVE 1,1.3613425564061,103.851698621454
2017-01,ANG MO KIO,3 ROOM,256,ANG MO KIO AVE 4,10 TO 12,73,New Generation,1977,59 years 06 months,335000,256 ANG MO KIO AVE 4,1.37061517595951,103.83596769452
2017-01,ANG MO KIO,3 ROOM,330,ANG MO KIO AVE 1,07 TO 09,68,New Generation,1981,63 years,338000,330 ANG MO KIO AVE 1,1.36243186402478,103.851030689651
2017-01,ANG MO KIO,3 ROOM,557,ANG MO KIO AVE 10,10 TO 12,82,New Generation,1980,62 years,366000,557 ANG MO KIO AVE 10,1.3716257020332,103.857736107527
2017-01,ANG MO KIO,3 ROOM,302,ANG MO KIO AVE 3,10 TO 12,73,New Generation,1978,60 years 03 months,373000,302 ANG MO KIO AVE 3,1.36708983179046,103.845660199054
2017-01,ANG MO KIO,3 ROOM,575,ANG MO KIO AVE 10,07 TO 09,82,New Generation,1980,62 years,375000,575 ANG MO KIO AVE 10,1.37138855070768,103.855953346739
2017-01,ANG MO KIO,3 ROOM,509,ANG MO KIO AVE 8,01 TO 03,81,New Generation,1980,62 years 05 months,390000,509 ANG MO KIO AVE 8,1.37400086510074,103.850139806283
2017-01,ANG MO KIO,4 ROOM,472,ANG MO KIO AVE 10,10 TO 12,92,New Generation,1979,61 years 06 months,400000,472 ANG MO KIO AVE 10,1.36314392666998,103.858118593427
2017-01,ANG MO KIO,4 ROOM,475,ANG MO KIO AVE 10,07 TO 09,91,New Generation,1979,61 years 06 months,400000,475 ANG MO KIO AVE 10,1.36266297827625,103.85651592319
2017-01,ANG MO KIO,4 ROOM,629,ANG MO KIO AVE 4,01 TO 03,94,New Generation,1981,63 years 09 months,403000,629 ANG MO KIO AVE 4,1.380104749906,103.840408652998
2017-01,ANG MO KIO,4 ROOM,546,ANG MO KIO AVE 10,01 TO 03,92,New Generation,1981,63 years,410000,546 ANG MO KIO AVE 10,1.37365123866689,103.857022220393
2017-01,ANG MO KIO,4 ROOM,131,ANG MO KIO AVE 3,01 TO 03,98,New Generation,1979,61 years 01 month,425888,131 ANG MO KIO AVE 3,1.37101536386003,103.841800323712
2017-01,ANG MO KIO,4 ROOM,254,ANG MO KIO AVE 4,04 TO 06,97,New Generation,1977,59 years 06 months,430000,254 ANG MO KIO AVE 4,1.37020344042146,103.834687722549
2017-01,ANG MO KIO,4 ROOM,470,ANG MO KIO AVE 10,04 TO 06,92,New Generation,1979,61 years 10 months,435000,470 ANG MO KIO AVE 10,1.36408620030202,103.856692408941
2017-01,ANG MO KIO,4 ROOM,601,ANG MO KIO AVE 5,04 TO 06,91,New Generation,1980,62 years 05 months,435000,601 ANG MO KIO AVE 5,1.38104134784496,103.835131744823
2017-01,ANG MO KIO,4 ROOM,463,ANG MO KIO AVE 10,04 TO 06,92,New Generation,1980,62 years 01 month,440000,463 ANG MO KIO AVE 10,1.36694793518613,103.857487648675
2017-01,ANG MO KIO,4 ROOM,207,ANG MO KIO AVE 1,04 TO 06,97,New Generation,1976,58 years 06 months,460000,207 ANG MO KIO AVE 1,1.36582089504381,103.842847772078
2017-01,ANG MO KIO,4 ROOM,304,ANG MO KIO AVE 1,10 TO 12,97,New Generation,1977,59 years 04 months,518000,304 ANG MO KIO AVE 1,1.36628642816469,103.8449947612
2017-01,ANG MO KIO,4 ROOM,646,ANG MO KIO AVE 6,10 TO 12,99,New Generation,1980,62 years 11 months,518000,646 ANG MO KIO AVE 6,1.37939517687868,103.843763599411
2017-01,ANG MO KIO,4 ROOM,328,ANG MO KIO AVE 3,10 TO 12,98,New Generation,1978,60 years 08 months,560000,328 ANG MO KIO AVE 3,1.36661793708764,103.84786688518
2017-01,ANG MO KIO,4 ROOM,588C,ANG MO KIO ST 52,13 TO 15,90,DBSS,2011,93 years 08 months,688000,588C ANG MO KIO ST 52,1.37183157010083,103.853670978083
2017-01,ANG MO KIO,4 ROOM,588D,ANG MO KIO ST 52,19 TO 21,91,DBSS,2011,93 years 07 months,730000,588D ANG MO KIO ST 52,1.37175400663025,103.8538833087
2017-01,ANG MO KIO,4 ROOM,588D,ANG MO KIO ST 52,22 TO 24,91,DBSS,2011,93 years 07 months,756000,588D ANG MO KIO ST 52,1.37175400663025,103.8538833087
2017-01,ANG MO KIO,5 ROOM,101,ANG MO KIO AVE 3,01 TO 03,117,Standard,1978,60 years 01 month,500000,101 ANG MO KIO AVE 3,1.37026158388486,103.839467898898
2017-01,ANG MO KIO,5 ROOM,430,ANG MO KIO AVE 3,13 TO 15,119,Improved,1979,61 years,668000,430 ANG MO KIO AVE 3,1.36899287777802,103.85276134968
2017-01,ANG MO KIO,5 ROOM,520,ANG MO KIO AVE 5,19 TO 21,118,Improved,1980,62 years 08 months,668000,520 ANG MO KIO AVE 5,1.3734054063175,103.851134219635
2017-01,ANG MO KIO,5 ROOM,716,ANG MO KIO AVE 6,13 TO 15,119,Improved,1980,62 years 05 months,725000,716 ANG MO KIO AVE 6,1.37147783065153,103.845868750998
2017-01,ANG MO KIO,5 ROOM,588A,ANG MO KIO ST 52,10 TO 12,112,DBSS,2011,93 years 07 months,770000,588A ANG MO KIO ST 52,1.37207688864036,103.852786139342
2017-01,ANG MO KIO,5 ROOM,310A,ANG MO KIO AVE 1,10 TO 12,121,Improved,2012,94 years 08 months,832000,310A ANG MO KIO AVE 1,1.36481255187585,103.843844243986
2017-01,ANG MO KIO,EXECUTIVE,613,ANG MO KIO AVE 4,07 TO 09,147,Apartment,1996,78 years 04 months,888000,613 ANG MO KIO AVE 4,1.37845661566039,103.839292714848
2017-01,BEDOK,2 ROOM,101,BEDOK NTH AVE 4,04 TO 06,45,Improved,1978,60 years 06 months,238000,101 BEDOK NTH AVE 4,1.334484667124,103.937924710969
2017-01,BEDOK,3 ROOM,548,BEDOK NTH AVE 1,04 TO 06,68,New Generation,1980,62 years 06 months,272000,548 BEDOK NTH AVE 1,1.33131021834565,103.92685391703
2017-01,BEDOK,3 ROOM,75,BEDOK NTH RD,07 TO 09,59,Improved,1978,60 years,278000,75 BEDOK NTH RD,1.32791477933184,103.942144427101
2017-01,BEDOK,3 ROOM,550,BEDOK NTH AVE 1,01 TO 03,68,New Generation,1980,62 years 05 months,280000,550 BEDOK NTH AVE 1,1.3326931795279,103.926617402908
2017-01,BEDOK,3 ROOM,1,BEDOK STH AVE 1,01 TO 03,59,Improved,1976,58 years,280000,1 BEDOK STH AVE 1,1.32085208689731,103.933721091441
2017-01,BEDOK,3 ROOM,151,BEDOK RESERVOIR RD,04 TO 06,63,Simplified,1988,70 years 08 months,281000,151 BEDOK RESERVOIR RD,1.33557619454702,103.911545779692
2017-01,BEDOK,3 ROOM,54,CHAI CHEE ST,04 TO 06,68,New Generation,1981,63 years 04 months,285000,54 CHAI CHEE ST,1.32947840879761,103.921105111921
2017-01,BEDOK,3 ROOM,50,CHAI CHEE ST,04 TO 06,68,New Generation,1981,63 years 06 months,285000,50 CHAI CHEE ST,1.32930431416537,103.922415807329
2017-01,BEDOK,3 ROOM,105,BEDOK RESERVOIR RD,10 TO 12,70,New Generation,1985,67 years 07 months,287000,105 BEDOK RESERVOIR RD,1.32914437941094,103.909112780576
2017-01,BEDOK,3 ROOM,528,BEDOK NTH ST 3,13 TO 15,68,New Generation,1979,61 years 07 months,290000,528 BEDOK NTH ST 3,1.33490287587397,103.927838167286
2017-01,BEDOK,3 ROOM,534,BEDOK NTH ST 3,10 TO 12,60,Improved,1986,68 years 02 months,290000,534 BEDOK NTH ST 3,1.33303698213001,103.924812248346
2017-01,BEDOK,3 ROOM,550,BEDOK NTH AVE 1,04 TO 06,68,New Generation,1980,62 years 06 months,293000,550 BEDOK NTH AVE 1,1.3326931795279,103.926617402908
2017-01,BEDOK,3 ROOM,77,BEDOK NTH RD,10 TO 12,60,Improved,1986,68 years 03 months,300000,77 BEDOK NTH RD,1.32869611162886,103.941995599533
2017-01,BEDOK,3 ROOM,116,BEDOK RESERVOIR RD,10 TO 12,67,New Generation,1986,68 years 02 months,300000,116 BEDOK RESERVOIR RD,1.33103784588692,103.908641634756
2017-01,BEDOK,3 ROOM,18,BEDOK STH RD,13 TO 15,65,Improved,1976,58 years,300000,18 BEDOK STH RD,1.32062504871279,103.934734222428
2017-01,BEDOK,3 ROOM,40,CHAI CHEE AVE,07 TO 09,65,Improved,1974,56 years,300000,40 CHAI CHEE AVE,1.32604335303082,103.926488452026
2017-01,BEDOK,3 ROOM,57,NEW UPP CHANGI RD,13 TO 15,60,Improved,1985,67 years 09 months,300000,57 NEW UPP CHANGI RD,1.32424554153984,103.941568704132
2017-01,BEDOK,3 ROOM,57,NEW UPP CHANGI RD,07 TO 09,60,Improved,1985,67 years 09 months,301888,57 NEW UPP CHANGI RD,1.32424554153984,103.941568704132
2017-01,BEDOK,3 ROOM,105,BEDOK NTH AVE 4,04 TO 06,67,New Generation,1977,59 years 08 months,305000,105 BEDOK NTH AVE 4,1.33368859457924,103.936473903592
2017-01,BEDOK,3 ROOM,709,BEDOK RESERVOIR RD,07 TO 09,68,New Generation,1981,63 years 06 months,310000,709 BEDOK RESERVOIR RD,1.33541606639526,103.922350069667
2017-01,BEDOK,3 ROOM,42,CHAI CHEE ST,01 TO 03,67,New Generation,1985,67 years 05 months,310000,42 CHAI CHEE ST,1.32797877350561,103.925804792632
2017-01,BEDOK,3 ROOM,709,BEDOK RESERVOIR RD,07 TO 09,68,New Generation,1981,63 years 07 months,310000,709 BEDOK RESERVOIR RD,1.33541606639526,103.922350069667
2017-01,BEDOK,3 ROOM,55,CHAI CHEE DR,04 TO 06,75,Model A,1984,66 years 03 months,310000,55 CHAI CHEE DR,1.32684846948333,103.919015573079
2017-01,BEDOK,3 ROOM,75,BEDOK NTH RD,07 TO 09,70,Improved,1978,60 years 01 month,312000,75 BEDOK NTH RD,1.32791477933184,103.942144427101
2017-01,BEDOK,3 ROOM,2,BEDOK STH AVE 1,10 TO 12,65,Improved,1976,58 years,312000,2 BEDOK STH AVE 1,1.32130118793544,103.933299574181
2017-01,BEDOK,3 ROOM,37,CHAI CHEE AVE,04 TO 06,66,Improved,1983,65 years 04 months,312000,37 CHAI CHEE AVE,1.32544200357037,103.926207634232
2017-01,BEDOK,3 ROOM,709,BEDOK RESERVOIR RD,07 TO 09,68,New Generation,1981,63 years 06 months,313000,709 BEDOK RESERVOIR RD,1.33541606639526,103.922350069667
2017-01,BEDOK,3 ROOM,425,BEDOK NTH RD,10 TO 12,67,New Generation,1979,61 years,332000,425 BEDOK NTH RD,1.32936960154503,103.929067536324
2017-01,BEDOK,3 ROOM,117,BEDOK NTH RD,04 TO 06,73,New Generation,1978,60 years 04 months,336000,117 BEDOK NTH RD,1.33065454769523,103.938496275607
2017-01,BEDOK,3 ROOM,423,BEDOK NTH AVE 1,10 TO 12,82,New Generation,1979,61 years,358000,423 BEDOK NTH AVE 1,1.32797614118511,103.927565110763
2017-01,BEDOK,3 ROOM,42,CHAI CHEE ST,01 TO 03,82,New Generation,1985,67 years 05 months,360000,42 CHAI CHEE ST,1.32797877350561,103.925804792632
2017-01,BEDOK,3 ROOM,533,BEDOK NTH ST 3,04 TO 06,82,New Generation,1980,62 years,365000,533 BEDOK NTH ST 3,1.33358016248275,103.92421866691
2017-01,BEDOK,4 ROOM,149,BEDOK RESERVOIR RD,04 TO 06,84,Simplified,1987,69 years 05 months,350000,149 BEDOK RESERVOIR RD,1.33576929801793,103.912779600202
2017-01,BEDOK,4 ROOM,35,BEDOK STH AVE 2,13 TO 15,90,Improved,1977,59 years 11 months,350000,35 BEDOK STH AVE 2,1.32233220742919,103.939766219283
2017-01,BEDOK,4 ROOM,42,BEDOK STH RD,04 TO 06,84,Improved,1977,59 years 08 months,350000,42 BEDOK STH RD,1.32147847826862,103.940721046918
2017-01,BEDOK,4 ROOM,34,BEDOK STH AVE 2,10 TO 12,90,Improved,1977,59 years 08 months,358000,34 BEDOK STH AVE 2,1.32205652925918,103.93835472666
2017-01,BEDOK,4 ROOM,7,BEDOK STH AVE 2,04 TO 06,82,Improved,1976,58 years,358000,7 BEDOK STH AVE 2,1.32281544267372,103.93545524391
2017-01,BEDOK,4 ROOM,8,BEDOK STH AVE 2,13 TO 15,82,Improved,1976,58 years,375000,8 BEDOK STH AVE 2,1.32284176978435,103.936046815062
2017-01,BEDOK,4 ROOM,80,BEDOK NTH RD,01 TO 03,91,New Generation,1978,60 years 05 months,380000,80 BEDOK NTH RD,1.32848132017235,103.940611608837
2017-01,BEDOK,4 ROOM,78,BEDOK NTH RD,04 TO 06,91,New Generation,1978,60 years 07 months,382000,78 BEDOK NTH RD,1.32726007220341,103.940848770214
2017-01,BEDOK,4 ROOM,135,BEDOK RESERVOIR RD,07 TO 09,84,Simplified,1987,69 years 02 months,384000,135 BEDOK RESERVOIR RD,1.33314106418951,103.912523538101
2017-01,BEDOK,4 ROOM,148,BEDOK RESERVOIR RD,13 TO 15,84,Simplified,1987,69 years 03 months,385000,148 BEDOK RESERVOIR RD,1.33534088461813,103.91190498709
2017-01,BEDOK,4 ROOM,81,BEDOK NTH RD,01 TO 03,91,New Generation,1978,60 years 05 months,390000,81 BEDOK NTH RD,1.32891558225172,103.940528728774
2017-01,BEDOK,4 ROOM,142,BEDOK RESERVOIR RD,07 TO 09,84,Simplified,1986,68 years 10 months,392000,142 BEDOK RESERVOIR RD,1.33563649761465,103.913269358016
2017-01,BEDOK,4 ROOM,142,BEDOK RESERVOIR RD,07 TO 09,84,Simplified,1986,68 years 10 months,395000,142 BEDOK RESERVOIR RD,1.33563649761465,103.913269358016
2017-01,BEDOK,4 ROOM,124,BEDOK NTH RD,07 TO 09,92,New Generation,1978,60 years 04 months,395000,124 BEDOK NTH RD,1.32925881944574,103.939046430321
2017-01,BEDOK,4 ROOM,705,BEDOK NTH RD,01 TO 03,91,New Generation,1980,62 years 10 months,410000,705 BEDOK NTH RD,1.33663681806047,103.918995255673
2017-01,BEDOK,4 ROOM,554,BEDOK NTH ST 3,04 TO 06,93,New Generation,1980,62 years 05 months,412000,554 BEDOK NTH ST 3,1.33262715051315,103.928172121608
2017-01,BEDOK,4 ROOM,602,BEDOK RESERVOIR RD,07 TO 09,98,New Generation,1982,64 years 04 months,420000,602 BEDOK RESERVOIR RD,1.32934898685946,103.911583237057
2017-01,BEDOK,4 ROOM,81,BEDOK NTH RD,13 TO 15,91,New Generation,1978,60 years 05 months,425000,81 BEDOK NTH RD,1.32891558225172,103.940528728774
2017-01,BEDOK,4 ROOM,508,BEDOK NTH AVE 3,10 TO 12,92,New Generation,1978,60 years 10 months,430000,508 BEDOK NTH AVE 3,1.33340012199511,103.932519441614
2017-01,BEDOK,4 ROOM,720,BEDOK RESERVOIR RD,04 TO 06,104,Model A,1984,66 years 01 month,430000,720 BEDOK RESERVOIR RD,1.33597277354753,103.924883020541
