school_name,school_type,lat,long
3dsense Media School,School,1.2892813,103.8470822
ACC EduHub,School,1.3027978,103.8403767
AGrader Learning Centre,School,1.286091,103.8290983
APSN Chaoyang School,School,1.3731758,103.8586787
AWWA Sch,School,1.3727063,103.878799
AWWA School @ Bedok,School,1.3354501,103.9203001
Academy of Singapore Teachers,School,1.27602,103.8032399
Acetek baking school,School,1.2842802,103.816058
Admin Building,University,1.2962668,103.8518539
Admiralty Primary School,School,1.4430232,103.8003302
Admiralty Secondary School,School,1.4458666,103.8027252
Aeroviation,School,1.3147324,103.8656621
Ahmad Ibrahim Primary School,School,1.4337487,103.8327046
Ahmad Ibrahim Secondary School,School,1.4360786,103.8301517
Ai Tong School,School,1.3606274,103.8330304
Air Traffic Management Research Institute,School,1.3473411,103.6823534
Al-Khairiah Islamic School,School,1.3150301,103.9062427
Alexandra Primary School,School,1.2913349,103.8242652
Amar Kids,School,1.3610749,103.9649883
Anatta Culinary Academy,School,1.2784252,103.8410997
Anchor Green Primary School,School,1.390712,103.8871411
Anderson Primary School,School,1.3845887,103.8414171
Anderson Secondary School,School,1.3750031,103.8517111
Anderson Serangoon Junior College,College/JC,1.3645902,103.887589
Ang Mo Kio Primary School,School,1.3690707,103.83915
Ang Mo Kio Secondary School,School,1.3677377,103.8426755
Anglican High School,School,1.3302335,103.9418653
Anglo-Chinese Junior College,College/JC,1.3026556,103.7855901
Anglo-Chinese School (Barker),School,1.3197108,103.8355705
Anglo-Chinese School (Independent),College/JC,1.3031182,103.7804365
Anglo-Chinese School (Independent) Boarding School,College/JC,1.3016855,103.782047
Anglo-Chinese School (International),School,1.3078206,103.7979732
Anglo-Chinese School (Junior),School,1.3090294,103.8413825
Anglo-Chinese School (Primary),School,1.3186697,103.8350521
Angsana Primary School,School,1.3636059,103.9388742
Art Zillions,School,1.3048454,103.9040924
Art Zone,School,1.3037821,103.9029959
Artary Academy of Children's Art,School,1.4103158,103.9059361
Artlette,School,1.3717566,103.847908
Ascensia Academy,School,1.2889535,103.8224108
Asia Research Institute,School,1.2960174,103.7722394
Assumption English School,School,1.3689351,103.766559
Assumption Pathway School,School,1.3701492,103.7662835
Australian International School Singapore,School,1.348288,103.8591059
BCA Academy of the Built Environment,College/JC,1.3453442,103.85844
Bartley Secondary School,School,1.3404203,103.8826276
Beacon Primary School,School,1.3838058,103.7737949
Beatty Secondary School,School,1.341513,103.8522713
Bedok Green Primary School,School,1.323975,103.9378199
Bedok Green Secondary School,School,1.333992,103.9352387
Bedok South Secondary School,School,1.3253794,103.9510303
Bedok View Secondary School,School,1.3249361,103.9434704
Bendemeer Primary School,School,1.3222891,103.8650775
Bendemeer Secondary School,School,1.3245019,103.8604843
Bendemeer Secondary badminton court,School,1.324255,103.8599845
Bethesda Kindergarten,School,1.316684,103.918294
Big Bubble Dive Centre,School,1.3048653,103.7979765
Blangah Rise Primary School,School,1.2764363,103.8088211
Blk 390,College/JC,1.356464,103.9575308
Blue House International school,School,1.3362049,103.7966419
Boon Lay Garden Primary School,School,1.3429463,103.7129718
Boon Lay Secondary School,School,1.3427476,103.7016903
Bowen Secondary School,School,1.3706966,103.8776201
Brenner Centre For Molecular Medicine,University,1.2948023,103.7806026
Brighton Montessori,School,1.3001267,103.8926345
Broadrick Secondary School,School,1.3073315,103.8868521
Buddhist College of Singapore,College/JC,1.3626012,103.836223
Bukit Batok Secondary School,School,1.3485138,103.7406687
Bukit Merah Secondary School,School,1.2859387,103.8129616
Bukit Panjang Government High School,School,1.3820915,103.7382834
Bukit Panjang Primary School,School,1.3734934,103.7697771
Bukit Timah Primary School,School,1.3377699,103.7668605
Bukit View Primary School,School,1.3455702,103.7534837
Bukit View Secondary School,School,1.3456513,103.7521921
CHIJ (Katong) Primary School,School,1.3064236,103.9108336
CHIJ (Kellock) Primary School,School,1.2747625,103.8279603
CHIJ (Our Lady Queen of Peace) Primary School,School,1.3664156,103.7680737
CHIJ (Our Lady of Good Counsel) Primary School,School,1.3577706,103.8639897
CHIJ (Our Lady of the Nativity) Primary School,School,1.3731641,103.8976889
CHIJ (Toa Payoh) Primary School,School,1.3331413,103.8424184
CHIJ (Toa Payoh) Secondary School,School,1.3325449,103.8427272
CHIJ Katong Convent School,School,1.3065233,103.9176972
CHIJ St Joseph's Convent,School,1.3918581,103.9025017
CHIJ St Nicholas Girls' School,School,1.3733456,103.8342454
CHIJ St. Theresa's Convent,School,1.2759831,103.8221154
Canadian International School,School,1.3456125,103.7268276
Canberra Primary School,School,1.4508595,103.8155826
Canberra Secondary School,School,1.4536945,103.8142456
Canossa Catholic Primary School,School,1.3265382,103.881977
Cantonment Primary School,School,1.27582,103.8398797
Casablanca,College/JC,1.4301866,103.7870693
Casuarina Primary School,School,1.3727252,103.9571725
Catholic High School,School,1.3547674,103.8449843
Catholic Junior College,College/JC,1.3253108,103.8352885
Catholic Junior College Hostel,College/JC,1.324814,103.8363008
Cedar Girls' Secondary School,School,1.3346962,103.8742241
Cedar Primary School,School,1.3354945,103.8753246
Cendana College,College/JC,1.3078628,103.7723065
Centre Stage School of the Arts,School,1.2964558,103.7941745
Changkat Changi Secondary School,School,1.3405162,103.9530604
Changkat Primary School,School,1.3399698,103.9523316
Chatsworth International School Singapore (Bukit Timah Campus)),School,1.3452742,103.791751
Chess Academy (Singapore),School,1.3040597,103.9016351
Chin Lien Bible Seminary,School,1.3111407,103.8917376
Chongfu Primary School,School,1.438792,103.8392866
Chongzheng Primary School,School,1.3505294,103.9509136
Christ Church Secondary School,School,1.4267733,103.7930548
Chua Chu Kang Primary School,School,1.3777928,103.7418858
Chua Chu Kang Secondary School (Main Campus),School,1.3832202,103.7551515
Chung Cheng High School (Main),School,1.305495,103.8916399
Chung Cheng High School (Yishun),School,1.4190464,103.8371868
Citikids Academy,School,1.2817516,103.8474726
Class Room 1,School,1.2864311,103.8147062
Class Room 2,School,1.2863949,103.814706
Class Room 3,School,1.2863597,103.8147058
Clementi Primary School,School,1.3155995,103.7632318
Clementi Town Secondary School,School,1.3156928,103.7622337
Code Bright,School,1.3024208,103.862368
ComfortDelGro Driving Centre,School,1.3361786,103.896599
Commonwealth Secondary School,School,1.319718,103.7456789
Compassvale Primary School,School,1.3944653,103.8980112
Compassvale Secondary School,School,1.3966683,103.9003255
Computhink,School,1.333447,103.8502117
Concord Primary School,School,1.3802781,103.7362921
Confucius Mandarin Institute,School,1.2862383,103.8279807
Coral Primary School,School,1.3683415,103.9509844
Corporation Primary School,School,1.3514791,103.7077381
Crest Secondary School,School,1.3435058,103.7426093
Curtin Singapore,University,1.2884206,103.7795669
DPS International School,School,1.3541224,103.883973
Damai Primary School,School,1.3355948,103.9212859
Damai Secondary School,School,1.3374626,103.9269038
Dazhong Primary School,School,1.3592056,103.7478742
De La Salle School,School,1.3950519,103.7432842
Delta Senior School,School,1.3735822,103.7496891
Deyi Secondary School,School,1.3666114,103.8520621
DigiPen Singapore,College/JC,1.307783,103.7778417
Dimensions,School,1.363193,103.8822736
Dimensions International College,College/JC,1.2954829,103.84064
Dover Court International School,School,1.3055048,103.7796151
Dulwich College,School,1.3525517,103.7382194
Dunearn Secondary School,School,1.3637077,103.744366
Dunman High School,School,1.2994205,103.8821785
Dunman Secondary School,School,1.3613443,103.9560495
Dyslexia Association Of Singapore Sengkang Learning Centre,School,1.3931066,103.8963174
Dyslexia Association of Singapore Serangoon Learning Centre,School,1.348775,103.87399
ESSEC Asia-Pacific,College/JC,1.3031096,103.7878105
Eager Beaver Schoolhouse @ Bukit Merah Central,School,1.2822628,103.8180784
East Asia Institute of Management,College/JC,1.285563,103.8208059
East Spring Primary School,School,1.3529319,103.9619289
East Spring Secondary School,School,1.3565687,103.9608365
Eden School,School,1.3515109,103.7429674
Edgefield Primary School,School,1.400343,103.9074912
Edgefield Secondary School,School,1.4001426,103.9024048
Eis International Pre-School,School,1.2931581,103.7667512
Elias Park Primary School,School,1.3749954,103.9452053
Elm College,College/JC,1.3063908,103.7723762
Endeavour Primary School,School,1.4544375,103.8176066
EtonHouse International School,School,1.3057846,103.8885145
EtonHouse International School Orchard,School,1.3065347,103.826274
Eunoia Junior College,College/JC,1.36208,103.8406736
Eunos Primary School,School,1.3246418,103.9044522
Evergreen Primary School,School,1.4438651,103.7947355
Evergreen Secondary School,School,1.4417443,103.7940541
Faculty of Dentistry,School,1.2957549,103.7836142
Fairfield Methodist Primary School,School,1.3007628,103.7852371
Fairfield Methodist Secondary School,School,1.3016719,103.7843939
Farrer Park Primary School,School,1.3124278,103.8508775
Fengshan Primary School,School,1.3297137,103.9318825
Fern Green Primary School,School,1.3976307,103.8799375
Fernvale Primary School,School,1.3899831,103.8741691
First Toa Payoh Primary School,School,1.340455,103.8558494
Focus Music,School,1.2803337,103.8414605
Food In Action,School,1.2941588,103.8501653
Former Choa Chu Kang Secondary School Campus,School,1.3834418,103.7513726
Former PSB Academy Campus (Delta),University,1.2872754,103.8264442
Former Teck Whye Primary School Campus,School,1.3814072,103.7555711
Former Teck Whye Secondary School Campus,School,1.3822557,103.7564637
French Toast Pte Ltd,School,1.3528711,103.8354127
Frontier Primary School,School,1.3367797,103.6996516
Fuchun Primary School,School,1.430277,103.7782401
Fuchun Secondary School,School,1.4302769,103.7772903
Fuhua Primary School,School,1.3364912,103.7365407
Fuhua Secondary School,School,1.3473771,103.7269242
Fun With Abacus,School,1.3705239,103.8953197
Gan Eng Seng Primary School,School,1.2857911,103.8154287
Gan Eng Seng School,School,1.289454,103.8236405
General Assembly,School,1.3077267,103.8318682
Genesis School,School,1.2927205,103.7673485
German European School Singapore (Dairy Farm Campus),School,1.3654312,103.7735292
Geylang Methodist School,School,1.3175423,103.883244
Global Indian International School,School,1.390057,103.9117181
Gongshang Primary School,School,1.3574083,103.949277
Grace Orchard School,School,1.306524,103.7648269
Greendale Primary School,School,1.3961931,103.9126886
Greendale Secondary School,School,1.397641,103.9115953
Greenridge Primary School,School,1.3857142,103.7680335
Greenridge Secondary School,School,1.3750262,103.7640299
Greenview Secondary School,School,1.3692622,103.9632302
Greenwood Primary School,School,1.4400699,103.8047763
Guangyang Secondary School,School,1.3449843,103.8499153
Hai Sing Catholic School,School,1.3745712,103.9551281
Haig Girl's School,School,1.3116869,103.9026516
Happy Art Loft,School,1.336727,103.7836366
Happy Fish Swim School,School,1.3788187,103.9549587
Heguru Education Centre,School,1.4062209,103.9018483
Heguru Method Learning Centre,School,1.2649537,103.8204957
Henry Park Primary School,School,1.3169115,103.7840807
HiArt,School,1.2864237,103.8266078
Hiart,School,1.2899202,103.855961
Hillgrove Secondary School,School,1.353379,103.7529902
Hillside World Academy,School,1.3565627,103.8783566
Hollandse School Singapore,School,1.3454742,103.7897999
Holy Innocents' High School,School,1.3716518,103.8957577
Holy Innocents' Primary School,School,1.3667751,103.8936997
Hong Wen School,School,1.3218219,103.8575182
Horizon Primary School,School,1.3999837,103.9130704
Hougang Primary School,School,1.3779983,103.881003
Hougang Secondary School,School,1.3780728,103.8824349
Hua Language Centre,School,1.387266,103.8696897
Hua Yi Secondary School,School,1.3520909,103.7216251
Huamin Primary School,School,1.4270041,103.8442651
Hwa Chong Institution,College/JC,1.3266403,103.8038175
Hwa Chong International School,College/JC,1.3286488,103.8022703
I Can Read,School,1.2650858,103.8204705
INSEAD Asia,University,1.2998008,103.786559
ISS International School,School,1.2809276,103.8055542
ITE College Central,School,1.3775869,103.8563216
ITE College East,College/JC,1.3348611,103.9546849
ITE College West,School,1.37442,103.751761
Idea Minds Employment Development Centre,School,1.3631033,103.8777925
Innova Junior College,College/JC,1.4304469,103.7883624
Innova Primary School,School,1.4292036,103.790745
Institition of Engineers,School,1.3452134,103.790534
Institute for Mathematical Sciences,School,1.292754,103.7794971
Institute of Policy Studies,University,1.3178088,103.8198526
International Community School,School,1.3069118,103.7662888
International French School (Singapore),School,1.369963,103.8674204
Invictus International School,School,1.2466333,103.8421784
J Carter Centre,School,1.352923,103.8361818
JDMIS - Jewellery Design and Management International School,School,1.2989463,103.8531014
James Cook University Singapore,University,1.3153552,103.8760326
Jan & Elly English Language School,School,1.3872695,103.8696218
Jiemin Primary School,School,1.428074,103.8304146
Jing Shan Primary School,School,1.3719344,103.851917
Julia Gabriel Centre,School,1.3062686,103.8285461
Junyuan Primary School,School,1.3476897,103.939421
Junyuan Secondary School,School,1.3531894,103.9335167
Jurong Pioneer Junior College,College/JC,1.3854121,103.7541535
Jurong Primary School,School,1.3487533,103.7330556
Jurong Secondary School,School,1.3304664,103.7239562
Jurong West Primary School,School,1.3393245,103.6989865
Jurong West Secondary School,School,1.3356177,103.7024026
Jurongville Secondary School,School,1.3514652,103.7293282
Juying Primary School,School,1.3387151,103.6880541
Juying Secondary School,School,1.3384905,103.6873096
KLC International Institute,School,1.3907766,103.8540598
Keming Primary School,School,1.3452577,103.7564009
Kent Ridge Education,School,1.2862248,103.828089
Kent Ridge Secondary School,School,1.3011549,103.7651154
Kent Ridge Tutors / Global Art,School,1.2884666,103.8050224
Kheng Cheng School,School,1.3372623,103.8474366
Kong Hwa School,School,1.3111762,103.8878432
Kranji Primary School,School,1.3939992,103.7471333
Kranji Secondary School,School,1.3905627,103.7411972
Kuo Chuan Presbyterian Primary School,School,1.3492968,103.8549157
Kuo Chuan Presybterian Secondary School,School,1.3504664,103.8547114
Kurt Hahn House (UWCSEA Dover Campus),School,1.3025636,103.7756836
LASALLE College of the Arts (Winstedt Campus),College/JC,1.3103352,103.8410448
LTA Rail Academy,School,1.3252259,103.9191042
Lakeside Primary School,School,1.3383879,103.7179609
Lasalle College of the Arts (McNally Campus),College/JC,1.302824,103.8516085
Lee Kong Chian School of Business,College/JC,1.2949457,103.8504782
Lee Kong Chian School of Medicine (Novena Campus),University,1.3212266,103.8489573
Lian Hua Primary School,School,1.354028,103.7540607
Lighthouse School,School,1.3389667,103.8407783
Little Skool-House Delta House,School,1.2909395,103.8249617
Loyang View Secondary School,School,1.3664748,103.9575471
MADDspace,School,1.3010033,103.8357575
MDIS,College/JC,1.2969709,103.8012557
MINDS Fernvale Gardens School,School,1.3899033,103.8750521
MINDS Woodlands Garden,School,1.4372158,103.7978466
MMI Preschool,School,1.3556192,103.8323066
MOE School Cluster Centre,School,1.2879336,103.8100388
MacPherson Primary School,School,1.3245401,103.8816058
Madrasah Al-Arabiah Al-Islamiah,School,1.337359,103.8546828
Madrasah Al-Ma'arif Al-Islamiah,School,1.3152813,103.8905462
Madrasah Aljunied Al-Islamiah,School,1.3046432,103.8576709
Madrasah Alsagoff Al-Arabiah Arab School,College/JC,1.3035269,103.860633
Madrasah At-Tahzibiah Al-Islamiah,School,1.406648,103.8204181
Madrasah Wak Tanjong Al-Islamiah,School,1.3170795,103.8913678
Maha Bodhi School,School,1.3284631,103.90163
Manjusri Secondary School,School,1.3275617,103.9017118
Maple Bear,School,1.3229517,103.905807
Maris Stella High School,School,1.3418992,103.8783828
Marsiling Primary School,School,1.4342342,103.77332
Marsiling Secondary School,School,1.4375279,103.7759416
Marymount Convent School,School,1.3403941,103.8396497
Maya Angelou House (UWCSEA Dover Campus),School,1.3033535,103.7751337
Mayflower Primary School,School,1.3765506,103.843232
Mayflower Secondary School,School,1.3687594,103.8357596
Mee Toh School,School,1.3948921,103.9088373
Melbourne Specialist International School,School,1.3016373,103.812455
Meridian Primary School,School,1.3758964,103.935007
Meridian Secondary School,School,1.3676237,103.948937
Methodist Girls' School,School,1.3328567,103.7836933
Methodist School of Music,School,1.3616483,103.7684999
Millennia Institute,College/JC,1.3508482,103.741288
MindChamps PreSchool @ Biopolis,School,1.3016693,103.7934627
Minds - Towner Gardens School,School,1.3261743,103.9133277
Ministry Of Education Language Centre (Newton),School,1.3096843,103.8371493
Ministry of Education (Ghim Moh),School,1.3108244,103.7864624
Monfort Secondary School,School,1.3739512,103.889047
Montessori for Children,School,1.2996991,103.8906987
Montfort Junior School,School,1.374336,103.8894116
Muz Art,School,1.3967425,103.8866876
NAFA Campus 1,College/JC,1.2997335,103.8515193
NAFA Campus 3,College/JC,1.3012916,103.8520414
NPS International School,School,1.3071636,103.8325514
NTU FACTS @ ABN,School,1.3467748,103.6819359
NTU FACTS @ N4.1,School,1.3463868,103.682934
NTU@one-north,University,1.3037772,103.7898742
NUS College,University,1.3071277,103.7722542
NUS High School of Mathematics and Science,School,1.3067483,103.7699117
NYGH Boarding School,School,1.3318157,103.8007102
Nan Chiau High School,School,1.3893207,103.8900465
Nan Chiau Primary School,School,1.3920268,103.8910425
Nan Hua High School,School,1.3084262,103.7690587
Nan Hua Primary School,School,1.3195667,103.7615818
Nanyang Girls' High School,School,1.3304736,103.8022612
Nanyang Institute Of Management,College/JC,1.2868137,103.8474783
Nanyang Junior College,College/JC,1.3510946,103.8666521
Nanyang Polytechnic,School,1.3800986,103.8490994
Nanyang Primary School,School,1.320928,103.8080203
Nanyang Technological University,University,1.3483213,103.6830404
National Community Leadership Institute,School,1.283163,103.7886096
"National Institute of Education, Singapore",College/JC,1.3487577,103.6784309
National Junior College,School,1.3306634,103.8046769
National University of Singapore,University,1.2962828,103.7773116
National University of Singapore (Bukit Timah),University,1.3196738,103.8185226
Naval Base Primary School,School,1.4164252,103.8386665
Naval Base Secondary School,School,1.4192025,103.8309864
Nelson Mandela House (UWCSEA Dover Campus),School,1.3029402,103.7751516
New Town Primary School,School,1.2997615,103.7996854
New Town Secondary School,School,1.3098808,103.7735372
Nexus International School (Singapore),School,1.3209192,103.8796096
Ngee Ann Polytechnic,University,1.3330938,103.7741758
Ngee Ann Primary School,School,1.3055831,103.9179261
Ngee Ann Secondary School,School,1.3544736,103.9566248
North London Collegiate School (NLCS Singapore),School,1.2825839,103.8092475
North Spring Primary School,School,1.3874499,103.9036578
North View Primary School,School,1.4277067,103.8486568
North View Secondary School,School,1.4277064,103.844226
North Vista Primary School,School,1.3829244,103.8959909
North Vista Secondary School,School,1.3817054,103.8986513
Northbrooks Secondary School,School,1.4212669,103.8447792
Northland Primary School,School,1.4212115,103.8405822
Northland Secondary School,School,1.4359086,103.8408429
Northlight School,School,1.3195282,103.8556148
Northoarks Primary School,School,1.4569529,103.8135196
Northshore Primary School,School,1.4181645,103.9046861
Oasis Primary School,School,1.4047961,103.9109763
Odyssey The Global Preschool,School,1.307039,103.9095846
Olympiad International School,School,1.3089,103.8766197
One World International School,School,1.3479915,103.6943225
One World International School (Changi Campus),School,1.3422436,103.9624893
Opera Estate Primary School,School,1.3196822,103.9241452
Orchid Park Secondary School,School,1.4158041,103.8382112
Outram Secondary School,School,1.2863263,103.8371997
Overseas Family School,School,1.3809127,103.9420528
PCF Sparkletots Preschool @ Punggol North,School,1.4018601,103.910405
PSB Academy Cathay Campus,School,1.2993145,103.8477978
PSB Academy STEM Campus,School,1.3373271,103.8484435
Palm View Primary School,School,1.3840428,103.8912344
ParkView Primary School,School,1.3776046,103.939255
Pasir Ris Crest Secondary School,School,1.3728071,103.9597854
Pasir Ris Primary School,School,1.3723752,103.9630289
Pasir Ris Secondary School,School,1.3543602,103.948497
Pat's Schoolhouse,School,1.3629647,103.8874226
Pathlight School (Tampines Campus),School,1.3471222,103.9394783
Pathlight School Autism Resource Centre (Singapore),School,1.3594245,103.8544732
Pathlight School Campus 2,School,1.3641061,103.85848
Paya Lebar Methodist Girls' Primary School,School,1.3500231,103.8852518
Paya Lebar Methodist Girls' Secondary School,School,1.3503993,103.8853401
Pei Chun Public School,School,1.337116,103.8556841
Pei Hwa Presbyterian Primary School,School,1.3382004,103.7761514
Pei Hwa Secondary School,School,1.3907839,103.8781431
Pei Tong Primary School,School,1.3163012,103.7677644
Peicai Secondary School,School,1.3593467,103.8707615
Peirce Secondary School,School,1.3663028,103.8295307
Peiying Primary School,School,1.4178033,103.8304738
Pioneer Primary School,School,1.35461,103.733017
Play Facto School,School,1.4167637,103.902145
Poi Ching School,School,1.3579253,103.9354991
Presbyterian High School,School,1.3827354,103.8427457
Princess Elizabeth Primary School,School,1.3491794,103.7409589
Pro-Teach Education,School,1.3373631,103.719728
Punggol Cove Primary School,School,1.4117445,103.8992413
Punggol Green Primary School,School,1.4019415,103.898479
Punggol Primary School,School,1.3777795,103.894746
Punggol Secondary School,School,1.402324,103.9090566
Punggol View Primary School,School,1.4053236,103.9054113
Qifa Primary School,School,1.3129445,103.75696
Qihua Primary School,School,1.4420658,103.7881756
Quayside Isle Preparatory School,School,1.2470486,103.8423226
Queenstown Primary School,School,1.2960934,103.8078562
Queenstown Secondary School,School,1.293269,103.8132046
Queensway Secondary School,School,1.3003138,103.8021125
Radin Mas Primary School,School,1.2750248,103.824279
Raffles Girls' Primary School,School,1.3300628,103.8062736
Raffles Girls' School (Secondary),School,1.3430732,103.8431868
Raffles Institution,School,1.3467456,103.8435516
Rainbow Centre - Yishun Park School,School,1.4201343,103.837259
Rainbow Centre Admiral Hill School,School,1.4569948,103.8178798
Rainbow Centre-Margaret Drive School,School,1.2973354,103.8090519
Raymond Studio,School,1.3061535,103.9049886
Red Swastika School,School,1.3336291,103.9346312
Regent Secondary School,School,1.393446,103.7509899
Republic Polytechnic,University,1.4447459,103.7852269
River Valley High School,School,1.3435696,103.7093769
River Valley Primary School,School,1.2942807,103.8361226
Riverside Primary School,School,1.4473353,103.801834
Riverside Secondary School,School,1.4409612,103.788064
Rivervale Primary School,School,1.3936298,103.9045274
Rosyth School,School,1.3728674,103.8744848
Rulang Primary School,School,1.3467144,103.7185856
SAFTI Military Institute,School,1.3304504,103.6834422
SHATEC,School,1.3436952,103.7500682
SIM University,College/JC,1.3260038,103.7999874
SJIJ,School,1.3176739,103.8460419
SMF Institute of Higher Learning,University,1.2821109,103.8219548
SMU Prinsep Street Residences,University,1.3021856,103.8510388
SP Jain Center of Management,School,1.2801106,103.8014479
Saga College,College/JC,1.3073508,103.7722689
Saint Anthony's Primary School,School,1.3644984,103.7492453
Saint Joseph's Institution International,School,1.3329313,103.840583
Saint Joseph's Institution Junior,School,1.3174614,103.8463093
Saint Patrick's School,School,1.3086215,103.9168599
San Yu Adventist School,School,1.3217527,103.841109
School of Accountancy,College/JC,1.2959083,103.849593
School of Computing and Information Systems 1,College/JC,1.2976084,103.8495341
School of Economics,College/JC,1.2976487,103.8490539
School of Economics / School of Computing and Information Systems 2,College/JC,1.2980482,103.8487401
School of Law,College/JC,1.2949618,103.8492899
"School of Science and Technology, Singapore",School,1.3131224,103.7735335
Sembawang Primary School,School,1.4452668,103.820915
Sembawang Secondary School,School,1.4456635,103.8166689
Seng Kang Primary School,School,1.3893857,103.8993476
Seng Kang Secondary School,School,1.3864764,103.8986895
Sengkang Green Primary School,School,1.3928693,103.8748408
Serangoon Garden Secondary School,School,1.3699864,103.8690045
Serangoon Secondary School,School,1.37496,103.9020308
Shelton College International,School,1.2743865,103.8203048
Shuqun Primary School,School,1.3471927,103.7214036
Si Ling Primary School,School,1.4327562,103.7857619
Singapore American School,School,1.425308,103.7745946
Singapore Aviation Academy,School,1.388729,103.9905173
Singapore Bible College,College/JC,1.3258394,103.8130926
Singapore Centre for Chinese Language,School,1.3117413,103.7858924
Singapore Chinese Girls' School,School,1.3211036,103.8275857
Singapore Examinations and Assessment Board,School,1.3249258,103.8707054
Singapore Hokkien Huay Kuan,School,1.3155731,103.9383951
Singapore Institute of Management Global Education (SIM GE),College/JC,1.3292588,103.7769043
Singapore Institute of Technology,University,1.4123469,103.9112108
Singapore Institute of Technology (Dover),University,1.3002187,103.7798635
Singapore Institute of Technology @ RP (SIT@RP),University,1.4441646,103.7836027
Singapore Korean International School,School,1.3459601,103.7906618
Singapore Management University,University,1.296195,103.8503709
Singapore Management University Campus,University,1.296195,103.8503709
Singapore Polytechnic,University,1.3090311,103.7775625
Singapore Polytechnic (Poly Marina),University,1.2938735,103.7630442
Singapore Power Training Institute,School,1.3421391,103.8690631
Singapore Safety Driving Centre,School,1.4520078,103.7939873
Singapore Sports School,School,1.4273272,103.7889583
Singapore University of Social Sciences,University,1.3292957,103.7762503
Singapore University of Technology and Design Campus,University,1.3417423,103.9638342
Sir Manasseh Meyer International School,School,1.4367623,103.8240804
South View Primary School,School,1.3816688,103.7467937
SparkleTots Pre-school,School,1.3500698,103.875052
Sparkletots,School,1.3125267,103.9074865
Spectra Secondary School,School,1.4365025,103.8043442
Springdale Primary School,School,1.394985,103.8897774
Springfield Secondary School,School,1.3502689,103.9299711
St Andrew's Autism School,School,1.3109721,103.9300046
St Andrew's Junior College,College/JC,1.3321887,103.8635384
St Anthony's Canossian Primary School,School,1.334904,103.9408705
St Anthony's Canossian Secondary School,School,1.3349316,103.9423296
St Gabriel's Primary School,School,1.3495798,103.8622137
St Margaret's Secondary School,School,1.3200145,103.8097168
St. Andrew's Junior School,School,1.331429,103.8650956
St. Andrew's Mission School,School,1.3428265,103.7599541
St. Andrew's Secondary School,School,1.3311085,103.8661223
St. Andrew's Village,School,1.3301653,103.8654322
St. Francis Xavier Major Seminary,School,1.4145318,103.9050394
St. Gabriel's Secondary School,School,1.3467395,103.8755519
St. Hilda's Primary School,School,1.3493512,103.9368867
St. Hilda's Secondary School,School,1.3500751,103.9369971
St. James Kindergarten,School,1.3045586,103.8122327
St. Joseph's Institution,School,1.3241245,103.8283375
St. Margaret's Primary School,School,1.3039365,103.8461363
St. Stephen's School,School,1.3186196,103.9179713
Staccato Music School,School,1.3075331,103.9070331
Stalford Learning Centre,School,1.2863194,103.8279814
Stamford American International School,School,1.3372834,103.8687859
Stamford Primary School,School,1.3038402,103.8572932
Star Learners Childcare Centre,School,1.4394901,103.8245984
Sunny Cove LLP Dive School,School,1.3155564,103.8815789
Swiss Cottage Secondary School,School,1.3645731,103.7504182
Swiss School in Singapore,School,1.342852,103.7908622
Tampines Meridian Junior College,College/JC,1.376216,103.9378284
Tampines North Primary School,School,1.3607047,103.9490653
Tampines Primary School,School,1.3503059,103.9440135
Tampines Secondary School,School,1.3494777,103.9441765
Tanglin School,School,1.2902753,103.8197284
Tanglin Trust School,School,1.2972943,103.7925044
Tanjong Katong Girls' School,School,1.3079543,103.8964251
Tanjong Katong Primary School,School,1.305332,103.9004578
Tanjong Katong Secondary School,School,1.3083742,103.8973467
Tao Nan School,School,1.3050887,103.9110889
Technical University of Munich (Asia),University,1.3078539,103.7776795
Teck Ghee Primary School,School,1.3651816,103.8511161
Teck Whye Primary School,School,1.3838196,103.7536823
Telok Kurau Primary School,School,1.3308902,103.9113191
Temasek Polytechnic,College/JC,1.3449751,103.9317027
Temasek Primary School,School,1.3174631,103.9457619
Temasek Secondary School,School,1.3162003,103.9474864
The Dive Company,School,1.3035327,103.8593653
The Japanese Primary School,School,1.354152,103.9656279
The Japanese School,School,1.3004516,103.7693649
The Japanese Secondary School,School,1.3116958,103.7561374
The Perse School,School,1.3689773,103.7708588
The School of Positive Psychology,School,1.2937773,103.849965
The Winstedt School,School,1.3165168,103.8739014
Thit Sar Parami,School,1.3131754,103.7597575
Townsville Primary School,School,1.3602434,103.8542379
Tree Art,School,1.4169341,103.9020743
Trinity Theological College,College/JC,1.3616018,103.7688071
United World College of South East Asia (Dover),College/JC,1.3022463,103.7771501
United World College of South East Asia (East),College/JC,1.3585366,103.931795
Unity Primary School,School,1.4028622,103.7467998
Unity Secondary School,School,1.3999235,103.7460378
University Town,University,1.3059749,103.7738276
University of Glasgow,College/JC,1.3076892,103.7780353
University of the Arts Singapore,University,1.298732,103.8534274
Unknown School,School,1.3386291,103.8379257
Valour Primary School,School,1.4071428,103.8989286
Victoria Junior College,College/JC,1.3059711,103.9198683
Victoria School,College/JC,1.3085188,103.927425
Waseda Shibuya Senior High School,School,1.2962898,103.7659346
Waterway Primary School,School,1.39928,103.9183742
Wellington Primary School,School,1.4521442,103.8224156
West Grove Primary School,School,1.3447051,103.6989454
West Spring Primary School,School,1.3893038,103.7662649
West Spring Secondary School,School,1.3881387,103.7598719
West View Primary School,School,1.3835715,103.7599991
Westwood Primary School,School,1.3471858,103.7006062
Westwood Secondary School,School,1.3535853,103.7017973
White Sands Primary School,School,1.3654769,103.9612541
Whitley Secondary School,School,1.3554934,103.8426371
Woodgrove Primary School,School,1.4328975,103.7902499
Woodgrove Secondary School,School,1.4285314,103.7966546
Woodlands Primary School,School,1.4368515,103.7916877
Woodlands Ring Primary School,School,1.4343141,103.7978093
Woodlands Ring Secondary School,School,1.4362395,103.800576
Woodlands Secondary School,School,1.4400396,103.7745172
XCL World Academy,School,1.4237952,103.850801
Xinghua Primary School,School,1.3581823,103.8904949
Xingnan Primary School,School,1.3429534,103.6873904
Xishan Primary School,School,1.4336038,103.8377569
Yangzheng Primary School,School,1.3486725,103.8684246
Yew Tee Primary School,School,1.3969674,103.7511046
Yio Chu Kang Primary School,School,1.3778503,103.8854633
Yio Chu Kang Secondary School,School,1.3782307,103.8421081
Yishun Innova Junior College,College/JC,1.4245484,103.8302355
Yishun Primary School,School,1.4337259,103.8339558
Yishun Secondary School,School,1.4279398,103.8290282
Yishun Town Secondary School,School,1.4326314,103.8378719
Yong Loo Lin School of Medicine,School,1.2959872,103.7816726
Yu Neng Primary School,School,1.3341631,103.932574
Yuan Ching Secondary School,School,1.341651,103.7198738
Yuhua Primary School,School,1.3426574,103.7409591
Yuhua Secondary School,School,1.3468875,103.7224022
Yumin Primary School,School,1.3513678,103.9508967
Yusof Ishak Secondary School,School,1.4072178,103.8967164
Yuvabharathi International School,School,1.3293652,103.7238275
Yuying Secondary School,School,1.3571859,103.8907059
Zhangde Primary School,School,1.2842706,103.8260945
Zhenghua Primary School,School,1.3796837,103.7693052
Zhenghua Secondary School,School,1.3890501,103.765271
Zhonghua Primary School,School,1.3601072,103.8699194
Zhonghua Secondary School,School,1.3485748,103.8696957
culinary studio,School,1.316476,103.8965304
de Suantio Gallery,College/JC,1.2979034,103.8485604
iMatter Learning Centre,School,1.4332012,103.8416396
my first skool EYC,School,1.4072082,103.9044148
新加坡中医学院,College/JC,1.3321896,103.8513428
